{"cameraMode":{"drawMode":0,"name":"Shaded","section":"Shading Mode"},"sceneLighting":true,"audioPlay":false,"sceneViewState":{"showFog":false,"showMaterialUpdate":false,"showSkybox":false,"showFlares":false,"showImageEffects":false,"showParticleSystems":false},"in2DMode":false,"pivot":{"x":0.20705562829971314,"y":0.19528484344482423,"z":-1.7905417680740357},"rotation":{"x":0.17186102271080018,"y":0.02210996113717556,"z":-0.003712145145982504,"w":0.9848763942718506},"size":4.137516498565674,"orthographic":false}