{"cameraMode":{"drawMode":0,"name":"Shaded","section":"Shading Mode"},"sceneLighting":true,"audioPlay":false,"sceneViewState":{"showFog":false,"showMaterialUpdate":false,"showSkybox":false,"showFlares":false,"showImageEffects":false,"showParticleSystems":false},"in2DMode":false,"pivot":{"x":-0.3984055519104004,"y":-0.20124506950378419,"z":-1.4309256076812745},"rotation":{"x":0.2186061441898346,"y":-0.05563381314277649,"z":0.012628432363271714,"w":0.9741536974906921},"size":4.025701522827148,"orthographic":false}